Fuel Type Code,Station Name,Street Address,Intersection Directions,City,State,ZIP,Plus4,Station Phone,Status Code,Expected Date,Groups With Access Code,Access Days Time,Cards Accepted,BD Blends,NG Fill Type Code,NG PSI,EV Level1 EVSE Num,EV Level2 EVSE Num,EV DC Fast Count,EV Other Info,EV Network,EV Network Web,Geocode Status,Latitude,Longitude,Date Last Confirmed,ID,Updated At,Owner Type Code,Federal Agency ID,Federal Agency Name,Open Date,Hydrogen Status Link,NG Vehicle Class,LPG Primary,E85 Blender Pump,EV Connector Types,Country,Intersection Directions (French),Access Days Time (French),BD Blends (French),Groups With Access Code (French),Hydrogen Is Retail,Access Code,Access Detail Code,Federal Agency Code,Facility Type,CNG Dispenser Num,CNG On-Site Renewable Source,CNG Total Compression Capacity,CNG Storage Capacity,LNG On-Site Renewable Source,E85 Other Ethanol Blends,EV Pricing,EV Pricing (French),LPG Nozzle Types,Hydrogen Pressures,Hydrogen Standards,CNG Fill Type Code,CNG PSI,CNG Vehicle Class,LNG Vehicle Class,EV On-Site Renewable Source,Restricted Access,RD Blends,RD Blends (French),RD Blended with Biodiesel,RD Maximum Biodiesel Level,NPS Unit Name,CNG Station Sells Renewable Natural Gas,LNG Station Sells Renewable Natural Gas,Maximum Vehicle Class,EV Workplace Charging
ELEC,Gray-Daniels Nissan - Brandon,108 Gray Daniels Blvd,,Brandon,MS,39042,,601-948-3050,E,,Public - Call ahead,Dealership business hours,,,,,,1,,,Non-Networked,,GPS,32.280561,-90.032108,2024-02-12,45822,2024-02-12 15:25:05 UTC,P,,,2012-01-31,,,,,J1772,US,,,,Public - Appeler à l'avance,,public,CALL,,CAR_DEALER,,,,,,,Free,,,,,,,,,,true,,,,,,,,LD,false
ELEC,Paul Barnett Nissan,845 Brookway Blvd,,Brookhaven,MS,39601,,601-833-9124,E,,Public - Call ahead,Dealership business hours,,,,,,1,,,Non-Networked,,200-8,31.57815,-90.46374,2024-02-12,45824,2024-02-12 15:25:05 UTC,P,,,2012-01-31,,,,,J1772,US,,,,Public - Appeler à l'avance,,public,CALL,,CAR_DEALER,,,,,,,Free,,,,,,,,,,false,,,,,,,,LD,false
ELEC,Columbus Nissan,100 Highway 12 E,,Columbus,MS,39702,,662-328-6691,E,,Public - Call ahead,Dealership business hours,,,,,,1,,,Non-Networked,,200-9,33.520806,-88.362801,2024-02-12,45826,2024-02-12 15:25:05 UTC,P,,,2012-01-31,,,,,J1772,US,,,,Public - Appeler à l'avance,,public,CALL,,CAR_DEALER,,,,,,,Free,,,,,,,,,,false,,,,,,,,LD,false
ELEC,James Ceranti Nissan,3130 Highway 82 E,,Greenville,MS,38703,,662-335-3505,E,,Public - Call ahead,Dealership business hours,,,,,,1,,,Non-Networked,,200-8,33.40083,-91.00818,2024-02-12,45828,2024-02-12 15:25:05 UTC,P,,,2012-01-31,,,,,J1772,US,,,,Public - Appeler à l'avance,,public,CALL,,CAR_DEALER,,,,,,,Free,,,,,,,,,,false,,,,,,,,LD,false
ELEC,Cannon Nissan,69900 Highway 82 W,,Greenwood,MS,38930,,662-453-4211,E,,Public - Call ahead,Dealership business hours,,,,,,1,,,Non-Networked,,GPS,33.525183,-90.207653,2024-02-12,45830,2024-02-12 15:25:05 UTC,P,,,2012-01-31,,,,,J1772,US,,,,Public - Appeler à l'avance,,public,CALL,,CAR_DEALER,,,,,,,Free,,,,,,,,,,false,,,,,,,,,false
ELEC,Grenada Nissan,2105 Sunset Dr,,Grenada,MS,38901,,662-226-2116,E,,Public - Call ahead,Dealership business hours,,,,,,1,,,Non-Networked,,200-9,33.785742,-89.852801,2024-02-12,45832,2024-02-12 15:25:05 UTC,P,,,2012-01-31,,,,,J1772,US,,,,Public - Appeler à l'avance,,public,CALL,,CAR_DEALER,,,,,,,Free,,,,,,,,,,false,,,,,,,,,false
ELEC,Pat Peck Nissan,9480 US Highway 49,,Gulfport,MS,39503,,228-864-6411,E,,Public - Call ahead,Dealership business hours,,,,,,1,,,Non-Networked,,200-9,30.425992,-89.091508,2024-02-12,45834,2024-02-12 15:25:05 UTC,P,,,2012-01-31,,,,,J1772,US,,,,Public - Appeler à l'avance,,public,CALL,,CAR_DEALER,,,,,,,Free,,,,,,,,,,false,,,,,,,,,false
ELEC,Petro Nissan,6248 Highway 98 W,,Hattiesburg,MS,39402,,601-264-4411,E,,Public - Call ahead,Dealership business hours,,,,,,1,,,Non-Networked,,GPS,31.3178137,-89.3946827,2024-02-12,45836,2024-02-12 15:25:05 UTC,P,,,2015-06-23,,,,,J1772,US,,,,Public - Appeler à l'avance,,public,CALL,,CAR_DEALER,,,,,,,,,,,,,,,,,false,,,,,,,,,false
ELEC,Cannon Nissan - Jackson,905 I-20 Frontage Rd,,Jackson,MS,39204,,601-360-7490,E,,Public - Call ahead,Dealership business hours,,,,,,1,,,Non-Networked,,200-9,32.273401,-90.194078,2024-02-12,45838,2024-02-12 15:25:05 UTC,P,,,2012-01-31,,,,,J1772,US,,,,Public - Appeler à l'avance,,public,CALL,,CAR_DEALER,,,,,,,Free,,,,,,,,,,false,,,,,,,,LD,false
ELEC,Gray-Daniels Nissan - Jackson,6080 I-55 N Frontage Rd,,Jackson,MS,39211,,601-956-7522,E,,Public - Call ahead,Dealership business hours,,,,,,1,,,Non-Networked,,200-9,32.39278,-90.144432,2024-02-12,45840,2024-02-12 15:25:05 UTC,P,,,2012-01-31,,,,,J1772,US,,,,Public - Appeler à l'avance,,public,CALL,,CAR_DEALER,,,,,,,Free,,,,,,,,,,false,,,,,,,,LD,false
ELEC,Estabrook Motor Co,3689 14th St,,Pascagoula,MS,39567,,228-762-2641,E,,Public - Call ahead,Dealership business hours,,,,,,1,,,Non-Networked,,200-8,30.37367,-88.53998,2024-02-12,45844,2024-02-12 15:25:05 UTC,P,,,2012-01-31,,,,,J1772,US,,,,Public - Appeler à l'avance,,public,CALL,,CAR_DEALER,,,,,,,Free,,,,,,,,,,false,,,,,,,,LD,false
ELEC,Nissan of Picayune,239 Frontage Rd,,Picayune,MS,39466,,601-889-5454,E,,Public - Call ahead,Dealership business hours,,,,,,1,,,Non-Networked,,200-9,30.513154,-89.663644,2024-02-12,45846,2024-02-12 15:25:05 UTC,P,,,2012-01-31,,,,,J1772,US,,,,Public - Appeler à l'avance,,public,CALL,,CAR_DEALER,,,,,,,Free,,,,,,,,,,false,,,,,,,,,false
ELEC,Blackburn Nissan,2195 N Frontage Rd,,Vicksburg,MS,39180,,601-661-7565,E,,Public - Call ahead,Dealership business hours,,,,,,1,,,Non-Networked,,200-9,32.325412,-90.866422,2024-02-12,45850,2024-02-12 15:25:05 UTC,P,,,2012-01-31,,,,,J1772,US,,,,Public - Appeler à l'avance,,public,CALL,,CAR_DEALER,,,,,,,Free,,,,,,,,,,false,,,,,,,,,false
ELEC,Whole Foods Market,4500 I-55 N,Suite 99,Jackson,MS,39211,,601-608-0405,E,,Public,24 hours daily,,,,,,1,,,Non-Networked,,GPS,32.35503105433092,-90.15006741698838,2022-06-14,79817,2023-02-14 15:54:11 UTC,P,,,2019-09-01,,,,,J1772,US,,,,Public,,public,,,GROCERY,,,,,,,Free,,,,,,,,,,false,,,,,,,,LD,false
ELEC,GALLERIA BMW STATION 1,I-10,,D'Iberville,MS,39540,,888-758-4389,E,,Public,24 hours daily,,,,,,2,,,ChargePoint Network,http://www.chargepoint.com/,GPS,30.450819,-88.89851,2024-02-12,87680,2024-02-12 00:19:02 UTC,,,,2017-09-16,,,,,J1772,US,,,,Public,,public,,,,,,,,,,,,,,,,,,,,,,,,,,,,,false
ELEC,Sayle C-Store - Tesla Supercharger,"2030 Sunset Dr,",,Grenada,MS,38901,,877-798-3752,E,,Public,24 hours daily,,,,,,,8,,Tesla,https://www.tesla.com/supercharger,200-8,33.787384,-89.849614,2023-07-01,102256,2023-07-14 19:41:28 UTC,P,,,2017-09-01,,,,,TESLA,US,,,,Public,,public,,,,,,,,,,,,,,,,,,,,,,,,,,,,,false
ELEC,Bonita Lakes Mall - Tesla Supercharger,1210 Bonita Lakes Drive,,Meridian,MS,39301,,877-798-3752,E,,Public,24 hours daily,,,,,,,8,,Tesla,https://www.tesla.com/supercharger,GPS,32.35778,-88.671246,2023-07-01,102257,2023-07-14 19:41:28 UTC,P,,,2016-10-01,,,,,TESLA,US,,,,Public,,public,,,,,,,,,,,,,,,,,,,,,,,,,,,,,false
ELEC,Outlets of Mississippi - Tesla Supercharger,200 Bass Pro Drive,,Pearl,MS,39208,,877-798-3752,E,,Public,24 hours daily,,,,,,,8,,Tesla,https://www.tesla.com/supercharger,200-8,32.274159,-90.151048,2023-07-01,102258,2023-07-14 19:41:28 UTC,P,,,2016-05-01,,,,,TESLA,US,,,,Public,,public,,,,,,,,,,,,,,,,,,,,,,,,,,,,,false
ELEC,The Mall at Barnes Crossing - Tesla Supercharger,1001 Barnes Crossing Rd,,Tupelo,MS,38804,,877-798-3752,E,,Public,24 hours daily,,,,,,,8,,Tesla,https://www.tesla.com/supercharger,200-8,34.311537,-88.700841,2023-07-01,102259,2023-07-14 19:41:28 UTC,P,,,2017-09-01,,,,,TESLA,US,,,,Public,,public,,,,,,,,,,,,,,,,,,,,,,,,,,,,,false
ELEC,B-KWIK  #15 B-KWIK #15,6284 US-98,,Hattiesburg,MS,39402,,888-758-4389,E,,Public,24 hours daily,,,,,,2,,,ChargePoint Network,http://www.chargepoint.com/,GPS,31.318391,-89.399501,2024-02-12,104626,2024-02-12 00:28:59 UTC,,,,2018-11-09,,,,,J1772,US,,,,Public,,public,,,,,,,,,,,,,,,,,,,,,,,,,,,,,false
ELEC,Edgewater Mall - Tesla Destination,2600 Beach Blvd,,Biloxi,MS,39531,,228-388-4636  877-798-3752,E,,Public,,,,,,,8,,,Tesla Destination,https://www.tesla.com/destination-charging,200-9,30.392253,-88.989827,2022-10-06,114597,2023-01-18 15:15:20 UTC,P,,,2017-07-06,,,,,J1772 TESLA,US,,,,Public,,public,,,SHOPPING_MALL,,,,,,,Free,,,,,,,,,,,,,,,,,,,false
ELEC,Harrah's Gulf Coast - Tesla Destination,280 Beach Blvd,,Biloxi,MS,39530,,800-946-2946  877-798-3752,E,,Public,,,,,,,4,,,Tesla Destination,https://www.tesla.com/destination-charging,200-9,30.392769,-88.865965,2022-10-06,114598,2023-01-18 15:15:20 UTC,P,,,2017-12-20,,,,,J1772 TESLA,US,,,,Public,,public,,,HOTEL,,,,,,,Free,,,,,,,,,,,,,,,,,,,false
ELEC,Beau Rivage Resort & Casino - Garage 2nd Floor - Tesla Destination,875 Beach Blvd,,Biloxi,MS,39530,,228-386-7111  877-798-3752,E,,Public,,,,,,,4,,,Tesla Destination,https://www.tesla.com/destination-charging,200-9,30.393664,-88.893472,2022-10-06,114599,2023-01-18 15:15:20 UTC,P,,,2016-11-28,,,,,J1772 TESLA,US,,,,Public,,public,,,HOTEL,,,,,,,Free,,,,,,,,,,,,,,,,,,,false
ELEC,DoubleTree by Hilton Hotel Biloxi - Tesla Destination,940 Beach Blvd,,Biloxi,MS,39530,,228-546-3100  877-798-3752,E,,Public,,,,,,,6,,,Tesla Destination,https://www.tesla.com/destination-charging,200-9,30.394647,-88.894884,2022-10-06,114600,2023-01-18 15:15:20 UTC,P,,,2017-06-16,,,,,J1772 TESLA,US,,,,Public,,public,,,HOTEL,,,,,,,Free,,,,,,,,,,,,,,,,,,,false
ELEC,Hampton Inn & Suites Columbus - Tesla Destination,1915 6th St N,,Columbus,MS,39701,,662-245-1085  877-798-3752,E,,Public,,,,,,,3,,,Tesla Destination,https://www.tesla.com/destination-charging,200-9,33.515701,-88.426618,2022-10-06,114601,2023-01-18 15:15:20 UTC,P,,,2017-05-30,,,,,TESLA,US,,,,Public,,public,,,HOTEL,,,,,,,Free,,,,,,,,,,,,,,,,,,,false
ELEC,Courtyard Columbus - Tesla Destination,1995 6th St N,,Columbus,MS,39701,,662-245-1540  877-798-3752,E,,Public,,,,,,,4,,,Tesla Destination,https://www.tesla.com/destination-charging,200-9,33.516035,-88.427726,2022-10-06,114602,2023-01-18 15:15:20 UTC,P,,,2017-07-17,,,,,J1772 TESLA,US,,,,Public,,public,,,HOTEL,,,,,,,Free,,,,,,,,,,,,,,,,,,,false
ELEC,Fairfield Inn & Suites by Marriott Columbus - Tesla Destination,2011 6th St N,,Columbus,MS,39701,,662-241-1990  877-798-3752,E,,Public,,,,,,,4,,,Tesla Destination,https://www.tesla.com/destination-charging,200-9,33.517102,-88.427133,2022-10-06,114603,2023-01-18 15:15:20 UTC,P,,,2017-06-16,,,,,J1772 TESLA,US,,,,Public,,public,,,HOTEL,,,,,,,Free,,,,,,,,,,,,,,,,,,,false
ELEC,Island View Casino Resort North Garage (2nd Floor) - Tesla Destination,3300 W Beach Blvd,,Gulfport,MS,39501,,228-314-2100  877-798-3752,E,,Public,,,,,,,4,,,Tesla Destination,https://www.tesla.com/destination-charging,200-9,30.363355,-89.10408,2022-10-06,114604,2023-01-18 15:15:20 UTC,P,,,2017-10-23,,,,,TESLA,US,,,,Public,,public,,,HOTEL,,,,,,,Free,,,,,,,,,,,,,,,,,,,false
ELEC,Island View Casino Resort South Garage (Third Floor) - Tesla Destination,3305 W Beach Blvd,,Gulfport,MS,39501,,228-314-2100  877-798-3752,E,,Public,,,,,,,4,,,Tesla Destination,https://www.tesla.com/destination-charging,200-8,30.3627814,-89.0985482,2022-10-06,114605,2023-01-18 15:15:20 UTC,P,,,2017-10-31,,,,,TESLA,US,,,,Public,,public,,,HOTEL,,,,,,,Free,,,,,,,,,,,,,,,,,,,false
ELEC,Hampton Inn Hernando - Tesla Destination,2675 McIngvale Rd,,Hernando,MS,38632,,662-449-7737  877-798-3752,E,,Public,,,,,,,6,,,Tesla Destination,https://www.tesla.com/destination-charging,200-9,34.8210897,-89.9737892,2022-10-06,114606,2023-01-18 15:15:20 UTC,P,,,2018-02-21,,,,,TESLA,US,,,,Public,,public,,,HOTEL,,,,,,,Free,,,,,,,,,,,,,,,,,,,false
ELEC,Old Capitol Inn - Tesla Destination,226 N State St,,Jackson,MS,39201,,888-359-9001  877-798-3752,E,,Public,,,,,,,1,,,Tesla Destination,https://www.tesla.com/destination-charging,200-9,32.300906,-90.179556,2022-10-06,114607,2023-01-18 15:15:20 UTC,P,,,2014-12-02,,,,,TESLA,US,,,,Public,,public,,,INN,,,,,,,Free,,,,,,,,,,,,,,,,,,,false
ELEC,Holiday Inn Express & Suites Jackson Downtown - Tesla Destination,310 Greymont St,,Jackson,MS,39202,,601-948-4466  877-798-3752,E,,Public,,,,,,,6,,,Tesla Destination,https://www.tesla.com/destination-charging,200-8,32.3025567,-90.1684458,2022-10-06,114608,2023-01-18 15:15:20 UTC,P,,,2018-02-20,,,,,J1772 TESLA,US,,,,Public,,public,,,HOTEL,,,,,,,Free,,,,,,,,,,,,,,,,,,,false
ELEC,Fairfield Inn and Suites Jackson - Tesla Destination,5723 Interstate 55,,Jackson,MS,39206,,601-957-8557  877-798-3752,E,,Public,,,,,,,6,,,Tesla Destination,https://www.tesla.com/destination-charging,200-9,32.3835086,-90.1478806,2022-10-06,114609,2023-01-18 15:15:20 UTC,P,,,2018-02-08,,,,,J1772 TESLA,US,,,,Public,,public,,,HOTEL,,,,,,,Free,,,,,,,,,,,,,,,,,,,false
ELEC,"Fairview Inn, a Select Registry Property - Tesla Destination",734 Fairview St,,Jackson,MS,39202,,601-948-3429  877-798-3752,E,,Public,,,,,,,2,,,Tesla Destination,https://www.tesla.com/destination-charging,200-9,32.320791,-90.176512,2022-10-06,114610,2023-01-18 15:15:20 UTC,P,,,2015-04-01,,,,,TESLA,US,,,,Public,,public,,,INN,,,,,,,Free,,,,,,,,,,,,,,,,,,,false
ELEC,Lazy Magnolia Brewery - Tesla Destination,7030 Roscoe Turner Rd,,Kiln,MS,39556,,228-467-2727  877-798-3752,E,,Public,,,,,,,2,,,Tesla Destination,https://www.tesla.com/destination-charging,200-9,30.376409,-89.449415,2022-10-06,114611,2023-01-18 15:15:20 UTC,P,,,2016-08-01,,,,,TESLA,US,,,,Public,,public,,,BREWERY_DISTILLERY_WINERY,,,,,,,Free,,,,,,,,,,,,,,,,,,,false
ELEC,Tru by Hilton Meridian - Tesla Destination,519 Azalea Dr,,Meridian,MS,39301,,601-531-4100  877-798-3752,E,,Public,,,,,,,3,,,Tesla Destination,https://www.tesla.com/destination-charging,200-9,32.3667402,-88.667522,2022-10-06,114612,2023-01-18 15:15:20 UTC,P,,,2018-04-11,,,,,TESLA,US,,,,Public,,public,,,HOTEL,,,,,,,Free,,,,,,,,,,,,,,,,,,,false
ELEC,Holiday Inn Express & Suites Natchez South - Tesla Destination,639 S . Canal St,,Natchez,MS,39120,,601-442-4462  877-798-3752,E,,Public,,,,,,,10,,,Tesla Destination,https://www.tesla.com/destination-charging,200-8,31.5535692,-91.4105145,2022-10-06,114613,2023-01-18 15:15:20 UTC,P,,,2018-06-20,,,,,J1772 TESLA,US,,,,Public,,public,,,HOTEL,,,,,,,Free,,,,,,,,,,,,,,,,,,,false
ELEC,Devereaux Shields House - Tesla Destination,709 N Union St,,Natchez,MS,39120,,601-304-5378  877-798-3752,E,,Public,,,,,,,1,,,Tesla Destination,https://www.tesla.com/destination-charging,200-9,31.564658,-91.396083,2022-10-06,114614,2023-01-18 15:15:20 UTC,P,,,2016-03-02,,,,,TESLA,US,,,,Public,,public,,,HOTEL,,,,,,,Free,,,,,,,,,,,,,,,,,,,false
ELEC,Graduate Oxford - Tesla Destination,400 N Lamar Blvd,,Oxford,MS,38655,,662-234-3031  877-798-3752,E,,Public,,,,,,,3,,,Tesla Destination,https://www.tesla.com/destination-charging,200-9,34.368889,-89.517896,2022-10-06,114615,2023-01-18 15:15:20 UTC,P,,,2016-08-09,,,,,J1772 TESLA,US,,,,Public,,public,,,HOTEL,,,,,,,Free,,,,,,,,,,,,,,,,,,,false
ELEC,SpringHill Suites by Marriott Jackson/Ridgeland - Tesla Destination,121 Southtowne Ave,,Ridgeland,MS,39157,,601-898-3747  877-798-3752,E,,Public,,,,,,,6,,,Tesla Destination,https://www.tesla.com/destination-charging,200-8,32.4417396,-90.1499778,2022-10-06,114616,2023-01-18 15:15:20 UTC,P,,,2018-03-16,,,,,J1772 TESLA,US,,,,Public,,public,,,HOTEL,,,,,,,Free,,,,,,,,,,,,,,,,,,,false
ELEC,Embassy Suites Jackson - North/Ridgeland - Tesla Destination,200 Township Pl,,Ridgeland,MS,39157,,601-607-7112  877-798-3752,E,,Public,,,,,,,6,,,Tesla Destination,https://www.tesla.com/destination-charging,200-9,32.4408751,-90.1497133,2022-10-06,114617,2023-01-18 15:15:20 UTC,P,,,2017-11-29,,,,,J1772 TESLA,US,,,,Public,,public,,,HOTEL,,,,,,,Free,,,,,,,,,,,,,,,,,,,false
ELEC,"Homewood Suites By Hilton, Southaven - Tesla Destination",135 Homewood Dr,,Southhaven,MS,38671,,662-349-0501  877-798-3752,E,,Public,,,,,,,3,,,Tesla Destination,https://www.tesla.com/destination-charging,200-9,34.956248,-89.988165,2022-10-06,114618,2023-01-18 15:15:20 UTC,P,,,2018-04-05,,,,,TESLA,US,,,,Public,,public,,,HOTEL,,,,,,,Free,,,,,,,,,,,,,,,,,,,false
ELEC,Hampton Inn Starkville - Tesla Destination,700 MS-12,,Starkville,MS,39759,,662-324-1333  877-798-3752,E,,Public,,,,,,,3,,,Tesla Destination,https://www.tesla.com/destination-charging,200-9,33.453778,-88.805404,2022-10-06,114619,2023-01-18 15:15:20 UTC,P,,,2017-05-01,,,,,J1772 TESLA,US,,,,Public,,public,,,HOTEL,,,,,,,Free,,,,,,,,,,,,,,,,,,,false
ELEC,Comfort Suites Starkville - Tesla Destination,801 Russell St,,Starkville,MS,39759,,662-324-9595  877-798-3752,E,,Public,,,,,,,4,,,Tesla Destination,https://www.tesla.com/destination-charging,200-9,33.45859,-88.800423,2022-10-06,114620,2023-01-18 15:15:20 UTC,P,,,2017-05-01,,,,,J1772 TESLA,US,,,,Public,,public,,,HOTEL,,,,,,,Free,,,,,,,,,,,,,,,,,,,false
ELEC,Red Roof Inn Tupelo - Tesla Destination,1516 McCullough Blvd,,Tupelo,MS,38804,,662-840-8300  877-798-3752,E,,Public,,,,,,,3,,,Tesla Destination,https://www.tesla.com/destination-charging,200-8,34.2760152,-88.7187544,2022-10-06,114621,2023-01-18 15:15:20 UTC,P,,,2017-12-15,,,,,TESLA,US,,,,Public,,public,,,HOTEL,,,,,,,Free,,,,,,,,,,,,,,,,,,,false
ELEC,Hilton Garden Inn Tupelo - Tesla Destination,363 E Main St,,Tupelo,MS,38804,,662-718-5500  877-798-3752,E,,Public,,,,,,,4,,,Tesla Destination,https://www.tesla.com/destination-charging,200-8,34.258153,-88.699982,2022-10-06,114622,2023-01-18 15:15:20 UTC,P,,,2017-05-30,,,,,J1772 TESLA,US,,,,Public,,public,,,HOTEL,,,,,,,Free,,,,,,,,,,,,,,,,,,,false
ELEC,Holiday Inn Express and Suites Winona - Tesla Destination,413 SE Frontage Rd,,Winona,MS,38967,,662-283-9992  877-798-3752,E,,Public,,,,,,,7,,,Tesla Destination,https://www.tesla.com/destination-charging,200-8,33.4846787,-89.7620189,2022-10-06,122452,2023-01-18 15:15:20 UTC,P,,,2019-01-29,,,,,J1772 TESLA,US,,,,Public,,public,,,,,,,,,,Free,,,,,,,,,,,,,,,,,,,false
ELEC,CLW MAIN ST,322 Main St,,Columbus,MS,39701,,888-758-4389,E,,Public,24 hours daily,,,,,,2,,,ChargePoint Network,http://www.chargepoint.com/,GPS,33.494753,-88.430003,2024-02-12,143271,2024-02-12 00:34:21 UTC,,,,2019-08-15,,,,,J1772,US,,,,Public,,public,,,,,,,,,,,,,,,,,,,,,,,,,,,,,false
ELEC,STARKVILLE UTIL STARKVILLE REC,405 Lynn Ln,,Starkville,MS,39759,,888-758-4389,E,,Public,24 hours daily,,,,,,2,,,ChargePoint Network,http://www.chargepoint.com/,GPS,33.441528,-88.829905,2024-02-12,145386,2024-02-12 00:36:17 UTC,,,,2019-09-20,,,,,J1772,US,,,,Public,,public,,,,,,,,,,,,,,,,,,,,,,,,,,,,,false
ELEC,STARKVILLE UTIL STARKVILLE DWTN,135 Jefferson St,,Starkville,MS,39759,,888-758-4389,E,,Public,24 hours daily,,,,,,2,,,ChargePoint Network,http://www.chargepoint.com/,GPS,33.464862,-88.814083,2024-02-12,145387,2024-02-12 00:36:16 UTC,,,,2019-09-20,,,,,J1772,US,,,,Public,,public,,,,,,,,,,,,,,,,,,,,,,,,,,,,,false
ELEC,Southwest Mall - Tesla Supercharger,1432 Delaware Avenue,,McComb,MS,39648,,877-798-3752,E,,Public,24 hours daily,,,,,,,8,,Tesla,https://www.tesla.com/supercharger,GPS,31.248212,-90.471308,2023-07-01,153420,2023-07-14 19:41:28 UTC,P,,,2020-01-31,,,,,TESLA,US,,,,Public,,public,,,,,,,,,,,,,,,,,,,,,,,,,,,,,false
ELEC,Turtle Creek Crossing - Tesla Supercharger,6143 US Highway 98,,Hattiesburg,MS,39402,,877-798-3752,E,,Public,24 hours daily,,,,,,,8,,Tesla,https://www.tesla.com/supercharger,GPS,31.322641,-89.382011,2023-07-01,153451,2023-07-14 19:41:28 UTC,P,,,2020-01-31,,,,,TESLA,US,,,,Public,,public,,,,,,,,,,,,,,,,,,,,,,,,,,,,,false
ELEC,GoldStrike Casino and Hotel - Tesla Destination,1010 Casino Center Dr,,Robinsonville,MS,38664,,  877-798-3752,E,,Public,,,,,,,4,,,Tesla Destination,https://www.tesla.com/destination-charging,GPS,34.8388611,-90.3000585,2022-10-06,154664,2023-01-18 15:15:20 UTC,P,,,2019-04-08,,,,,TESLA,US,,,,Public,,public,,,OTHER_ENTERTAINMENT,,,,,,,Free,,,,,,,,,,,,,,,,,,,false
ELEC,THE VISTA TVS #1,705 University Drive,,Starkville,MS,39759,,888-758-4389,E,,Public,24 hours daily,,,,,,2,,,ChargePoint Network,http://www.chargepoint.com/,GPS,33.460728,-88.80052,2024-02-12,164449,2024-02-12 00:45:18 UTC,,,,2020-07-23,,,,,J1772,US,,,,Public,,public,,,,,,,,,,,,,,,,,,,,,,,,,,,,,false
ELEC,Landers Nissan,371 Goodman Rd E,,Southaven,MS,38671,,662-349-5557,E,,Public,Dealership business hours,,,,,,2,1,,Non-Networked,,200-8,34.96155,-89.98325,2024-01-09,165444,2024-01-31 22:07:01 UTC,P,,,2020-08-17,,,,,CHADEMO J1772 J1772COMBO,US,,,,Public,,public,,,CAR_DEALER,,,,,,,Free,,,,,,,,,,true,,,,,,,,LD,false
ELEC,Hampton Inn - Hernando,2675 McIngvale Rd,,Hernando,MS,38632,,662-449-7737,E,,Public,24 hours daily; for customer use only; see front desk for access,,,,,,3,,,Non-Networked,,GPS,34.821426,-89.973217,2022-08-10,165445,2023-02-14 15:54:11 UTC,P,,,2020-08-17,,,,,J1772,US,,,,Public,,public,,,HOTEL,,,,,,,Free,,,,,,,,,,true,,,,,,,,LD,false
ELEC,University of Mississippi - Lamar Hall,615 Grove Loop,,Oxford,MS,38677,,662-915-7235,E,,Public,24 hours daily; 4 hour max parking,,,,,,1,,,Non-Networked,,GPS,34.367164,-89.530433,2022-08-10,165446,2023-02-14 15:54:11 UTC,P,,,2020-08-17,,,,,J1772,US,,,,Public,,public,,,COLLEGE_CAMPUS,,,,,,,$1.25 per hour for first four hours; $2.50 per hour every hour thereafter,,,,,,,,,,false,,,,,,,,LD,false
ELEC,Oxford Conference Center,102 Ed Perry Blvd,,Oxford,MS,38655,,662-232-2367,E,,Public,24 hours daily,,,,,,1,,,Non-Networked,,GPS,34.372335,-89.499485,2022-08-10,165448,2023-02-14 15:54:11 UTC,P,,,2020-08-17,,,,,J1772,US,,,,Public,,public,,,CONVENTION_CENTER,,,,,,,Free,,,,,,,,,,false,,,,,,,,LD,false
ELEC,Best Western - New Albany,400 MS-30 W,,New Albany,MS,38652,,662-598-0123,E,,Public,24 hours daily; for customer use only; see front desk for access,,,,,,1,,,Non-Networked,,GPS,34.495074,-89.035982,2022-08-10,165449,2023-02-14 15:54:11 UTC,P,,,2020-08-17,,,,,J1772,US,,,,Public,,public,,,HOTEL,,,,,,,Free,,,,,,,,,,true,,,,,,,,LD,false
ELEC,Union County Library,219 King St,,New Albany,MS,38652,,662-534-1991,E,,Public,24 hours daily,,,,,,2,,,Non-Networked,,GPS,34.492862,-89.010418,2022-08-10,165450,2023-02-14 15:54:11 UTC,P,,,2020-08-17,,,,,J1772,US,,,,Public,,public,,,LIBRARY,,,,,,,Free,,,,,,,,,,false,,,,,,,,LD,false
ELEC,CDF of Tupelo,398 E Main St,,Tupelo,MS,38804,,662-842-4521,E,,Public,24 hours daily,,,,,,1,,,Non-Networked,,GPS,34.256798,-88.698604,2022-08-10,165451,2023-02-14 15:54:11 UTC,P,,,2020-08-17,,,,,J1772,US,,,,Public,,public,,,OFFICE_BLDG,,,,,,,Free,,,,,,,,,,false,,,,,,,,LD,false
ELEC,Commerce Bank,700 Taylor St,,Corinth,MS,38834,,662-286-5577,E,,Public,24 hours daily,,,,,,1,,,Non-Networked,,GPS,34.936602,-88.517856,2022-08-10,165452,2023-02-14 15:54:11 UTC,P,,,2020-08-17,,,,,J1772,US,,,,Public,,public,,,BANK,,,,,,,Free,,,,,,,,,,false,,,,,,,,LD,false
ELEC,Mississippi State University - Center for Advanced Vehicular Systems,200 Research Blvd,,Starkville,MS,39759,,662-325-3526,E,,Public,24 hours daily,,,,,,1,,,Non-Networked,,GPS,33.473243,-88.793397,2022-08-10,165455,2023-02-14 15:54:11 UTC,P,,,2020-08-17,,,,,J1772,US,,,,Public,,public,,,COLLEGE_CAMPUS,,,,,,,Free,,,,,,,,,,false,,,,,,,,LD,false
ELEC,SpringHill Suites by Marriott - Gulfport I-10,15610 Daniel Blvd,,Gulfport,MS,39503,,228-265-5869,E,,Public,24 hours daily; for customer use only; see front desk for access,,,,,,1,,,Non-Networked,,GPS,30.433256,-89.098292,2022-08-10,165460,2023-02-14 15:54:11 UTC,P,,,2020-08-17,,,,,J1772,US,,,,Public,,public,,,HOTEL,,,,,,,Free,,,,,,,,,,true,,,,,,,,LD,false
ELEC,IP Casino Resort & Spa,850 Bayview,,Biloxi,MS,39530,,888-946-2847,E,,Public,24 hours daily,,,,,,2,,,Non-Networked,,GPS,30.413247,-88.891816,2022-08-10,165471,2023-02-14 15:54:11 UTC,P,,,2020-08-17,,,,,J1772,US,,,,Public,,public,,,OTHER_ENTERTAINMENT,,,,,,,Free,,,,,,,,,,false,,,,,,,,LD,false
ELEC,The Alliance (City of Corinth),221 N Fillmore St,,Corinth,MS,38834,,866-816-7584,E,,Public,,,,,,,1,,,EV Connect,http://evconnect.com/,GPS,34.933747,-88.522273,2024-02-12,166676,2024-02-12 01:31:34 UTC,,,,2019-10-28,,,,,J1772,US,,,,Public,,public,,,,,,,,,,,,,,,,,,,,,,,,,,,,,false
ELEC,Winona McDonalds,318 Hwy 82,,Winona,MS,38967,,855-900-7584,E,,Public,24 hours daily,,,,,,2,1,,SHELL_RECHARGE,https://shellrecharge.com/en-us/solutions,GPS,33.4874,-89.7574,2024-02-12,167278,2024-02-12 01:25:35 UTC,,,,2020-10-04,,,,,CHADEMO J1772 J1772COMBO,US,,,,Public,,public,,,,,,,,,,,,,,,,,,,,,,,,,,,,,false
ELEC,Gold Strike Casino - Tesla Destination,1010 Casino Center Dr,,Robinsonille,MS,38664,,662-357-1111  877-798-3752,E,,Public,,,,,,,4,,,Tesla Destination,https://www.tesla.com/destination-charging,200-9,34.846394,-90.332785,2022-10-06,168802,2023-01-18 15:15:20 UTC,P,,,2019-09-30,,,,,TESLA,US,,,,Public,,public,,,,,,,,,,Free,,,,,,,,,,,,,,,,,,,false
ELEC,IP Casino Resort & Spa - Tesla Destination,850 Bayview Ave,,Biloxi,MS,39530,,888-946-2847  877-798-3752,E,,Public,,,,,,,2,,,Tesla Destination,https://www.tesla.com/destination-charging,200-9,30.413245,-88.892477,2022-10-06,168883,2023-01-18 15:15:20 UTC,P,,,2019-09-09,,,,,TESLA,US,,,,Public,,public,,,,,,,,,,Free,,,,,,,,,,,,,,,,,,,false
ELEC,IP Casino Resort & Spa High Rollers - Tesla Destination,850 Bayview Avenue,,Biloxi,MS,39530,,  877-798-3752,E,,Public,,,,,,,2,,,Tesla Destination,https://www.tesla.com/destination-charging,200-9,30.413432,-88.89204,2022-10-06,168884,2023-01-18 15:15:20 UTC,P,,,2019-09-09,,,,,TESLA,US,,,,Public,,public,,,,,,,,,,Free,,,,,,,,,,,,,,,,,,,false
ELEC,Gulfport Premium Outlets,10000 Factory Shops Blv,,Gulfport,MS,39503,,833-632-2778,E,,Public,24 hours daily,,,,,,,6,,Electrify America,https://www.electrifyamerica.com/,GPS,30.43054,-89.09767,2024-02-12,170338,2024-02-12 01:27:44 UTC,,,,2020-12-18,,,,,CHADEMO J1772COMBO,US,,,,Public,,public,,,,,,,,,,,,,,,,,,,,,,,,,,,,,false
ELEC,SOUTHHAVEN MS EV 1,59 Church Rd W,,Southaven,MS,38671,,888-758-4389,E,,Public,24 hours daily,,,,,,2,,,ChargePoint Network,http://www.chargepoint.com/,GPS,34.933889,-89.991768,2024-02-12,172506,2024-02-12 00:14:22 UTC,,,,2021-01-27,,,,,J1772,US,,,,Public,,public,,,,,,,,,,,,,,,,,,,,,,,,,,,,,false
ELEC,Coast Electric Headquarters,18020 Highway 603,,Kiln,MS,39556,,855-900-7584,E,,Public,24 hours daily,,,,,,2,1,,SHELL_RECHARGE,https://shellrecharge.com/en-us/solutions,GPS,30.431207,-89.432917,2024-02-12,185460,2024-02-12 01:25:43 UTC,,,,2021-03-02,,,,,CHADEMO J1772 J1772COMBO,US,,,,Public,,public,,,,,,,,,,,,,,,,,,,,,,,,,,,,,false
ELEC,Lakeview Village Shopping Mall - Tesla Supercharger,3586 Sangani Boulevard,,D'Iberville,MS,39540,,877-798-3752,E,,Public,24 hours daily,,,,,,,12,,Tesla,https://www.tesla.com/supercharger,GPS,30.458949,-88.893332,2023-07-01,187281,2023-07-14 19:41:28 UTC,P,,,2021-04-05,,,,,TESLA,US,,,,Public,,public,,,SHOPPING_CENTER,,,,,,,,,,,,,,,,,,,,,,,,,,false
ELEC,THE VISTA TVS #2,705 University Ave,,Starkville,MS,39759,,888-758-4389,E,,Public,24 hours daily,,,,,,2,,,ChargePoint Network,http://www.chargepoint.com/,GPS,33.460783,-88.800277,2024-02-12,193648,2024-02-12 00:45:34 UTC,,,,2021-08-10,,,,,J1772,US,,,,Public,,public,,,,,,,,,,,,,,,,,,,,,,,,,,,,,false
ELEC,MB OF JACKSON SALES STATION 2,455 Steed Rd,,Ridgeland,MS,39157,,888-758-4389,E,,Public,24 hours daily,,,,,,2,,,ChargePoint Network,http://www.chargepoint.com/,GPS,32.438584,-90.143165,2024-02-12,195896,2024-02-12 00:55:27 UTC,,,,2021-09-15,,,,,J1772,US,,,,Public,,public,,,,,,,,,,,,,,,,,,,,,,,,,,,,,false
ELEC,MB OF JACKSON SALES STATION 1,455 Steed Rd,,Ridgeland,MS,39157,,888-758-4389,E,,Public,24 hours daily,,,,,,2,,,ChargePoint Network,http://www.chargepoint.com/,GPS,32.438571,-90.143002,2024-02-12,195897,2024-02-12 00:55:27 UTC,,,,2021-09-15,,,,,J1772,US,,,,Public,,public,,,,,,,,,,,,,,,,,,,,,,,,,,,,,false
ELEC,KIA OF MERIDIAN SERVICE_FAST_C,1217 MS-39,,Meridian,MS,39301,,888-758-4389,E,,Public,24 hours daily,,,,,,,1,,ChargePoint Network,http://www.chargepoint.com/,GPS,32.3695,-88.67942,2024-02-12,207935,2024-02-12 00:58:02 UTC,,,,2022-03-11,,,,,J1772COMBO,US,,,,Public,,public,,,,,,,,,,,,,,,,,,,,,,,,,,,,,false
ELEC,OLE MISS RES GARAGE 1,72 Ridge Loop Residential Garage,,University,MS,38677,,888-758-4389,E,,Public,24 hours daily,,,,,,2,,,ChargePoint Network,http://www.chargepoint.com/,GPS,34.369582,-89.539429,2024-02-12,212142,2024-02-12 01:01:38 UTC,,,,2022-03-22,,,,,J1772,US,,,,Public,,public,,,,,,,,,,,,,,,,,,,,,,,,,,,,,false
ELEC,OLE MISS RES GARAGE 2,72 Ridge Loop Residential Garage,,University,MS,38677,,888-758-4389,E,,Public,24 hours daily,,,,,,2,,,ChargePoint Network,http://www.chargepoint.com/,GPS,34.369554,-89.539485,2024-02-12,212143,2024-02-12 01:01:38 UTC,,,,2022-03-22,,,,,J1772,US,,,,Public,,public,,,,,,,,,,,,,,,,,,,,,,,,,,,,,false
ELEC,OLE MISS LAMAR HALL,121 Alumni Drive Lamar Hall Rear,,University,MS,38677,,888-758-4389,E,,Public,24 hours daily,,,,,,2,,,ChargePoint Network,http://www.chargepoint.com/,GPS,34.367189,-89.530526,2024-02-12,212144,2024-02-12 01:01:39 UTC,,,,2022-03-22,,,,,J1772,US,,,,Public,,public,,,,,,,,,,,,,,,,,,,,,,,,,,,,,false
ELEC,NEMEPA NEMEPA CUSTOMER,10 Private Rd 2050 1389 Cooperative Way,,Oxford,MS,38655,,888-758-4389,E,,Public,24 hours daily,,,,,,2,,,ChargePoint Network,http://www.chargepoint.com/,GPS,34.38511,-89.494995,2024-02-12,212727,2024-02-12 01:01:47 UTC,,,,2022-03-25,,,,,J1772,US,,,,Public,,public,,,,,,,,,,,,,,,,,,,,,,,,,,,,,false
ELEC,OLE MISS TURNER CENTER,601 Hill Drive Turner Center Rear,,University,MS,38677,,888-758-4389,E,,Public,24 hours daily,,,,,,2,,,ChargePoint Network,http://www.chargepoint.com/,GPS,34.361953,-89.537896,2024-02-12,216598,2024-02-12 01:02:55 UTC,,,,2022-05-05,,,,,J1772,US,,,,Public,,public,,,,,,,,,,,,,,,,,,,,,,,,,,,,,false
ELEC,BC CPF50 2,3973 N Gloster St,,Tupelo,MS,38804,,888-758-4389,E,,Public,24 hours daily,,,,,,1,,,ChargePoint Network,http://www.chargepoint.com/,GPS,34.312317,-88.707734,2024-02-12,224696,2024-02-12 00:51:12 UTC,,,,2022-08-02,,,,,J1772,US,,,,Public,,public,,,,,,,,,,,,,,,,,,,,,,,,,,,,,false
ELEC,Ameristar Casino Hotel - Tesla Supercharger,4116 Washington Street,,Vicksburg,MS,39180,,877-798-3752,E,,Public,24 hours daily,A D Debit M V,,,,,,12,,Tesla,https://www.tesla.com/supercharger,GPS,32.3143758,-90.90017,2023-07-01,225839,2023-07-14 19:41:28 UTC,P,,,2022-08-05,,,,,TESLA,US,,,,Public,,public,,,OTHER_ENTERTAINMENT,,,,,,,,,,,,,,,,,false,,,,,,,,LD,false
ELEC,EML DCFC RENAISSANCE #2,1016 Highland Colony Pkwy,,Ridgeland,MS,39157,,888-758-4389,E,,Public,24 hours daily,,,,,,,1,,ChargePoint Network,http://www.chargepoint.com/,GPS,32.436239,-90.14514,2024-02-12,237331,2024-02-12 01:08:17 UTC,,,,2022-12-08,,,,,CHADEMO J1772COMBO,US,,,,Public,,public,,,,,,,,,,,,,,,,,,,,,,,,,,,,,false
ELEC,290 Power Drive (US-E78-CBX-1),290 Power Drive,,Batesville,MS,38606,,866-576-1495,E,,Public,24 hours daily,A ACCOUNT_BALANCE D M V,,,,,1,,,RIVIAN_WAYPOINTS,https://rivian.com/experience/charging,GPS,34.30801,-89.92142,2024-02-12,238367,2024-02-12 01:37:10 UTC,,,,2022-12-19,,,,,J1772,US,,,,Public,,public,,,PUBLIC,,,,,,,,,,,,,,,,,,,,,,,,,,false
ELEC,290 Power Drive (US-E78-CBX-2),290 Power Drive,,Batesville,MS,38606,,866-576-1495,E,,Public,24 hours daily,A ACCOUNT_BALANCE D M V,,,,,1,,,RIVIAN_WAYPOINTS,https://rivian.com/experience/charging,GPS,34.30801,-89.92135,2024-02-12,238370,2024-02-12 01:37:11 UTC,,,,2022-12-19,,,,,J1772,US,,,,Public,,public,,,PUBLIC,,,,,,,,,,,,,,,,,,,,,,,,,,false
ELEC,Gulfport-Biloxi International Airport (3rd Deck Parking Garage),14035 Airport Rd,,Gulfport,MS,39503,,228-863-2466,E,,Public,24 hours daily,,,,,,4,,,Non-Networked,,200-8,30.41502,-89.07113,2023-02-13,240993,2023-02-14 15:54:11 UTC,P,,,2022-12-01,,,,,J1772,US,,,,Public,,public,,,AIRPORT,,,,,,,Free,,,,,,,,,,false,,,,,,,,LD,false
ELEC,Hotel DeSoto - Tesla Destination,8877  Mid South Drive,,Olive Branch,MS,38654,,6629323822  877-798-3752,E,,Public,,,,,,,1,,,Tesla Destination,https://www.tesla.com/destination-charging,GPS,34.9491,-89.83239,2022-10-06,250911,2023-01-18 15:15:20 UTC,P,,,2022-03-25,,,,,TESLA,US,,,,Public,,public,,,,,,,,,,Free,,,,,,,,,,,,,,,,,,,false
ELEC,DoubleTree by Hilton Hattiesburg - Tesla Destination,10 Gateway Dr,,Hattiesburg,MS,39402,,601-296-0302  877-798-3752,E,,Public,,,,,,,4,,,Tesla Destination,https://www.tesla.com/destination-charging,GPS,31.35629,-89.34948,2022-10-06,251046,2023-01-18 15:15:20 UTC,P,,,2021-06-22,,,,,TESLA,US,,,,Public,,public,,,,,,,,,,Free,,,,,,,,,,,,,,,,,,,false
ELEC,George Carr Buick Cadillac GMC,2950 South Frontage Road,,Vicksburg,MS,39180,,866-816-7584,E,,Public,,,,,,,,1,,EV Connect,http://evconnect.com/,GPS,32.33221,-90.857312,2024-02-12,252197,2024-02-12 01:32:20 UTC,,,,2023-01-27,,,,,J1772COMBO,US,,,,Public,,public,,,,,,,,,,,,,,,,,,,,,,,,,,,,,false
ELEC,Home2 Suites by Hilton,443 Covenant Dr,,Batesville,MS,38606,,662-360-0000,E,,Public - Credit card at all times,24 hours daily,A D Debit M V,,,,,3,,,Non-Networked,,GPS,34.3130508282481,-89.917514725442,2023-04-06,257698,2024-01-31 22:07:01 UTC,P,,,2023-03-30,,,,,J1772,US,,,,Public - Carte de crédit en tout temps,,public,CREDIT_CARD_ALWAYS,,HOTEL,,,,,,,,,,,,,,,,,false,,,,,,,,LD,false
ELEC,Oxford Parking Garage,1102 Jefferson Ave,,Oxford,MS,38655,,662-238-2793,E,,Public - Credit card at all times,24 hours daily,A D Debit M V,,,,,8,,,Non-Networked,,GPS,34.3687290282671,-89.5193185284951,2023-04-06,257699,2024-01-31 22:07:01 UTC,P,,,2023-03-30,,,,,J1772,US,,,,Public - Carte de crédit en tout temps,,public,CREDIT_CARD_ALWAYS,,PARKING_GARAGE,,,,,,,,,,,,,,,,,false,,,,,,,,LD,false
ELEC,Holiday Inn Express New Albany,300 Hwy 30 W,,New Albany,MS,38652,,662-534-8870,E,,Public - Credit card at all times,24 hours daily,A D Debit M V,,,,,2,,,Non-Networked,,GPS,34.4951480279118,-89.0331773074157,2023-04-06,257700,2024-01-31 22:07:01 UTC,P,,,2023-03-30,,,,,J1772,US,,,,Public - Carte de crédit en tout temps,,public,CREDIT_CARD_ALWAYS,,HOTEL,,,,,,,,,,,,,,,,,false,,,,,,,,LD,false
ELEC,Bill Russell Ford,2120 Hwy 45 N,,Columbus,MS,39705,,662-327-3673,E,,Public - Call ahead,24 hours daily,A D Debit M V,,,,,1,,,Non-Networked,,GPS,33.5269456301115,-88.4360812410473,2023-04-06,257701,2024-01-31 22:07:01 UTC,P,,,2023-03-30,,,,,J1772,US,,,,Public - Appeler à l'avance,,public,CALL,,CAR_DEALER,,,,,,,,,,,,,,,,,false,,,,,,,,LD,false
ELEC,Ridgeland Mitsubishi,1860 E County Line Rd,,Ridgeland,MS,39157,,601-896-0929,E,,Public - Call ahead,8am-8pm daily,A D Debit M V,,,,,1,,,Non-Networked,,GPS,32.4003220998977,-90.1142929916263,2023-04-06,257702,2024-01-31 22:07:01 UTC,P,,,2023-03-30,,,,,J1772,US,,,,Public - Appeler à l'avance,,public,CALL,,CAR_DEALER,,,,,,,,,,,,,,,,,false,,,,,,,,LD,false
ELEC,Paul Moak Volvo,740 Larson St,,Jackson,MS,39202,,601-352-2700,E,,Public - Call ahead,7:30am-7pm daily,A D Debit M V,,,,,1,,,Non-Networked,,GPS,32.3050861454136,-90.1666339100773,2023-04-06,257703,2024-01-31 22:07:01 UTC,P,,,2023-03-30,,,,,J1772,US,,,,Public - Appeler à l'avance,,public,CALL,,CAR_DEALER,,,,,,,,,,,,,,,,,false,,,,,,,,LD,false
ELEC,Gray-Daniels Ford Lincoln,201 Octavia Dr,,Brandon,MS,39042,,601-724-7374,E,,Public - Call ahead,8am-8pm daily,A D Debit M V,,,,,1,,,Non-Networked,,GPS,32.2828641311228,-90.0353237310754,2023-04-06,257704,2024-01-31 22:07:01 UTC,P,,,2023-03-30,,,,,J1772,US,,,,Public - Appeler à l'avance,,public,CALL,,CAR_DEALER,,,,,,,,,,,,,,,,,false,,,,,,,,LD,false
ELEC,BMW of Jackson,1685 High St,,Jackson,MS,39202,,601-354-2269,E,,Public - Credit card at all times,24 hours daily,A D Debit M V,,,,,6,2,,Non-Networked,,GPS,32.300604292055,-90.1649355810577,2023-04-06,257705,2024-01-31 22:07:01 UTC,P,,,2023-03-30,,,,,J1772 J1772COMBO,US,,,,Public - Carte de crédit en tout temps,,public,CREDIT_CARD_ALWAYS,,CAR_DEALER,,,,,,,,,,,,,,,,,false,,,,,,,,LD,false
ELEC,Courtesy Ford,6393 US-98,,Hattiesburg,MS,39402,,601-264-5555,E,,Public - Credit card at all times,8am-7pm daily,A D Debit M V,,,,,1,,,Non-Networked,,GPS,31.3186132265177,-89.4065210032179,2023-04-06,257706,2024-01-31 22:07:01 UTC,P,,,2023-03-30,,,,,J1772,US,,,,Public - Carte de crédit en tout temps,,public,CREDIT_CARD_ALWAYS,,CAR_DEALER,,,,,,,,,,,,,,,,,false,,,,,,,,LD,false
ELEC,Ray Brandt Chevrolet,11325 Cedar Lake Rd,,Biloxi,MS,39532,,228-300-8827,E,,Public - Credit card at all times,24 hours daily,A D Debit M V,,,,,1,,,Non-Networked,,GPS,30.4514926893417,-88.9351857217172,2023-04-06,257707,2024-01-31 22:07:01 UTC,P,,,2023-03-30,,,,,J1772,US,,,,Public - Carte de crédit en tout temps,,public,CREDIT_CARD_ALWAYS,,CAR_DEALER,,,,,,,,,,,,,,,,,false,,,,,,,,LD,false
ELEC,W Washington St Parking Lot,251 W Washington St,,Greenwood,MS,38930,,,E,,Public - Credit card at all times,24 hours daily,A D Debit M V,,,,,1,,,Non-Networked,,GPS,33.5189197618622,-90.1828966209703,2023-04-06,257708,2024-01-31 22:07:01 UTC,P,,,2023-03-30,,,,,J1772,US,,,,Public - Carte de crédit en tout temps,,public,CREDIT_CARD_ALWAYS,,PARKING_LOT,,,,,,,,,,,,,,,,,false,,,,,,,,LD,false
ELEC,WaterView Casino & Hotel,3990 Washington St,,Vicksburg,MS,39180,,601-636-5700,E,,Public - Credit card at all times,24 hours daily,A D Debit M V,,,,,3,,,Non-Networked,,GPS,32.3253131575271,-90.8958407430853,2023-04-06,257709,2024-01-31 22:07:01 UTC,P,,,2023-03-30,,,,,J1772,US,,,,Public - Carte de crédit en tout temps,,public,CREDIT_CARD_ALWAYS,,PARKING_LOT,,,,,,,,,,,,,,,,,false,,,,,,,,LD,false
ELEC,East Central Community College,375 W Broad St,,Decatur,MS,39327,,601-635-2111,E,,Public - Credit card at all times,24 hours daily,A D Debit M V,,,,,4,,,Non-Networked,,GPS,32.4414490411733,-89.1118451091465,2023-04-06,257710,2024-01-31 22:07:01 UTC,P,,,2023-03-30,,,,,J1772,US,,,,Public - Carte de crédit en tout temps,,public,CREDIT_CARD_ALWAYS,,PARKING_LOT,,,,,,,,,,,,,,,,,false,,,,,,,,LD,false
ELEC,Scotsman General Store,300 Central Ave,,Laurel,MS,39440,,,E,,Public - Credit card at all times,24 hours daily,A D Debit M V,,,,,4,,,Non-Networked,,GPS,31.6910923243959,-89.1300716404149,2023-04-06,257711,2024-01-31 22:07:01 UTC,P,,,2023-03-30,,,,,J1772,US,,,,Public - Carte de crédit en tout temps,,public,CREDIT_CARD_ALWAYS,,PARKING_LOT,,,,,,,,,,,,,,,,,false,,,,,,,,LD,false
ELEC,Lake Terrace Convention Center,1 Convention Center Plaza,,Hattiesburg,MS,39401,,601-268-3220,E,,Public - Credit card at all times,24 hours daily,A D Debit M V,,,,,2,,,Non-Networked,,GPS,31.3545297239859,-89.3413492661251,2023-04-06,257712,2024-01-31 22:07:01 UTC,P,,,2023-03-30,,,,,J1772,US,,,,Public - Carte de crédit en tout temps,,public,CREDIT_CARD_ALWAYS,,PARKING_LOT,,,,,,,,,,,,,,,,,false,,,,,,,,LD,false
ELEC,Holiday Inn Hattiesburg,6553 US 49,,Hattiesburg,MS,39401,,601-990-9340,E,,Public - Credit card at all times,24 hours daily,A D Debit M V,,,,,2,,,Non-Networked,,GPS,31.3492838228646,-89.3396509649644,2023-04-06,257713,2024-01-31 22:07:01 UTC,P,,,2023-03-30,,,,,J1772,US,,,,Public - Carte de crédit en tout temps,,public,CREDIT_CARD_ALWAYS,,HOTEL,,,,,,,,,,,,,,,,,false,,,,,,,,LD,false
ELEC,Hattiesburg Zoo,107 S 17th Ave,,Hattiesburg,MS,39401,,601-545-4576,E,,Public - Credit card at all times,24 hours daily,A D Debit M V,,,,,2,,,Non-Networked,,GPS,31.3226671418977,-89.3147387514279,2023-04-06,257714,2024-01-31 22:07:01 UTC,P,,,2023-03-30,,,,,J1772,US,,,,Public - Carte de crédit en tout temps,,public,CREDIT_CARD_ALWAYS,,PARKING_LOT,,,,,,,,,,,,,,,,,false,,,,,,,,LD,false
ELEC,Lowrey & Fortner Attorneys,525 Corinne St,,Hattiesburg,MS,39401,,601-582-5015,E,,Public - Credit card at all times,24 hours daily,A D Debit M V,,,,,1,,,Non-Networked,,GPS,31.3242257825569,-89.2960579648501,2023-04-06,257715,2024-01-31 22:07:01 UTC,P,,,2023-03-30,,,,,J1772,US,,,,Public - Carte de crédit en tout temps,,public,CREDIT_CARD_ALWAYS,,PARKING_LOT,,,,,,,,,,,,,,,,,false,,,,,,,,LD,false
ELEC,Mississippi Power,420 W Pine St,,Hattiesburg,MS,39401,,877-656-1836,E,,Public - Credit card at all times,24 hours daily,A D Debit M V,,,,,1,,,Non-Networked,,GPS,31.3238385985994,-89.2932709128825,2023-04-06,257716,2024-01-31 22:07:01 UTC,P,,,2023-03-30,,,,,J1772,US,,,,Public - Carte de crédit en tout temps,,public,CREDIT_CARD_ALWAYS,,UTILITY,,,,,,,,,,,,,,,,,false,,,,,,,,LD,false
ELEC,Hotel Whiskey,115 Davis Ave,,Pass Christian,MS,39571,,601-557-2611,E,,Public - Credit card at all times,24 hours daily,A D Debit M V,,,,,1,,,Non-Networked,,GPS,30.3165360352473,-89.2424203410944,2023-04-06,257717,2024-01-31 22:07:01 UTC,P,,,2023-03-30,,,,,J1772,US,,,,Public - Carte de crédit en tout temps,,public,CREDIT_CARD_ALWAYS,,HOTEL,,,,,,,,,,,,,,,,,false,,,,,,,,LD,false
ELEC,The Almanett Hotel & Bistro,1514 18th Ave,,Gulfport,MS,39501,,228-865-9901,E,,Public - Credit card at all times,24 hours daily,A D Debit M V,,,,,2,,,Non-Networked,,GPS,30.3699919306823,-89.0835277225234,2023-04-06,257718,2024-01-31 22:07:01 UTC,P,,,2023-03-30,,,,,J1772,US,,,,Public - Carte de crédit en tout temps,,public,CREDIT_CARD_ALWAYS,,HOTEL,,,,,,,,,,,,,,,,,false,,,,,,,,LD,false
ELEC,Scarlet Pearl Casino Resort,9380 Central Ave,,D'Iberville,MS,39540,,888-752-9772,E,,Public - Credit card at all times,24 hours daily,A D Debit M V,,,,,2,,,Non-Networked,,GPS,30.4258497150807,-88.8904631209127,2023-04-06,257719,2024-01-31 22:07:01 UTC,P,,,2023-03-30,,,,,J1772,US,,,,Public - Carte de crédit en tout temps,,public,CREDIT_CARD_ALWAYS,,HOTEL,,,,,,,,,,,,,,,,,false,,,,,,,,LD,false
ELEC,Palace Casino Resort,158 Howard Ave,,Biloxi,MS,39530,,228-432-8888,E,,Public - Credit card at all times,24 hours daily,A D Debit M V,,,,,4,,,Non-Networked,,GPS,30.3964802340817,-88.8596184473443,2023-04-06,257720,2024-01-31 22:07:01 UTC,P,,,2023-03-30,,,,,J1772,US,,,,Public - Carte de crédit en tout temps,,public,CREDIT_CARD_ALWAYS,,HOTEL,,,,,,,,,,,,,,,,,false,,,,,,,,LD,false
ELEC,Golden Nugget Biloxi Hotel & Casino,151 Beach Blvd,,Biloxi,MS,39530,,228-435-5400,E,,Public - Credit card at all times,24 hours daily,A D Debit M V,,,,,2,,,Non-Networked,,GPS,30.3906893209659,-88.8591294543814,2023-04-06,257721,2024-01-31 22:07:01 UTC,P,,,2023-03-30,,,,,J1772,US,,,,Public - Carte de crédit en tout temps,,public,CREDIT_CARD_ALWAYS,,HOTEL,,,,,,,,,,,,,,,,,false,,,,,,,,LD,false
ELEC,McDonalds - Oxford,1900 University Avenue,,Oxford,MS,38655,,888-998-2546,E,,Public,24 hours daily,,,,,,2,,,Blink Network,http://www.blinkcharging.com/,GPS,34.36203,-89.50905,2024-02-12,259599,2024-02-12 00:01:47 UTC,,,,2022-07-19,,,,,J1772,US,,,,Public,,public,,,,,,,,,,,,,,,,,,,,,,,,,,,,,false
ELEC,BYHALIAPO BYHALIAPO,8140 MS-178,,Byhalia,MS,38611,,888-758-4389,E,,Public,24 hours daily,,,,,,2,,,ChargePoint Network,http://www.chargepoint.com/,GPS,34.872444,-89.689015,2024-02-12,259617,2024-02-12 01:06:27 UTC,,,,2023-04-20,,,,,J1772,US,,,,Public,,public,,,,,,,,,,,,,,,,,,,,,,,,,,,,,false
ELEC,Columbus Hyundai,150 Hwy 12 E,,Columbus,MS,39702,,888-998-2546,E,,Public,24 hours daily,,,,,,2,2,,Blink Network,http://www.blinkcharging.com/,GPS,33.521676,-88.362751,2024-02-12,259931,2024-02-12 00:03:21 UTC,,,,2023-04-26,,,,,J1772 J1772COMBO,US,,,,Public,,public,,,,,,,,,,,,,,,,,,,,,,,,,,,,,false
ELEC,1685 High St,1685 High St,,Jackson,MS,39202,,866-816-7584,E,,Public,,,,,,,,4,,EV Connect,http://evconnect.com/,GPS,32.300509,-90.164883,2024-02-12,260468,2024-02-12 01:32:42 UTC,,,,2023-05-06,,,,,J1772COMBO,US,,,,Public,,public,,,,,,,,,,,,,,,,,,,,,,,,,,,,,false
ELEC,UMC GAR D-LVL2-ST1,2500 N State St,,Jackson,MS,39216,,888-758-4389,E,,Public,24 hours daily,,,,,,2,,,ChargePoint Network,http://www.chargepoint.com/,GPS,32.329769,-90.169859,2024-02-12,260721,2024-02-12 01:12:13 UTC,,,,2023-05-12,,,,,J1772,US,,,,Public,,public,,,,,,,,,,,,,,,,,,,,,,,,,,,,,false
ELEC,Burger King - Tesla Supercharger,150 Goodman Rd W,,Southaven,MS,38671,,877-798-3752,E,,Public,24 hours daily,A D Debit M V,,,,,,8,,Tesla,https://www.tesla.com/supercharger,GPS,34.96343686,-89.99193,2023-07-01,261460,2023-07-14 19:41:28 UTC,P,,,2023-05-25,,,,,TESLA,US,,,,Public,,public,,,RESTAURANT,,,,,,,,,,,,,,,,,false,,,,,,,,LD,false
ELEC,BYHALIAPO BYHALIAPO 1,8140 MS-178,,Byhalia,MS,38611,,888-758-4389,E,,Public,24 hours daily,,,,,,,1,,ChargePoint Network,http://www.chargepoint.com/,GPS,34.872496,-89.68881,2024-02-12,261842,2024-02-12 01:11:39 UTC,,,,2023-06-03,,,,,CHADEMO J1772COMBO,US,,,,Public,,public,,,,,,,,,,,,,,,,,,,,,,,,,,,,,false
ELEC,PEPA STATION 2,3600 MS-9,,Pontotoc,MS,38863,,888-758-4389,E,,Public,24 hours daily,,,,,,,1,,ChargePoint Network,http://www.chargepoint.com/,GPS,34.295977,-88.969412,2024-02-12,261844,2024-02-12 01:11:52 UTC,,,,2023-06-03,,,,,CHADEMO J1772COMBO,US,,,,Public,,public,,,,,,,,,,,,,,,,,,,,,,,,,,,,,false
ELEC,PEPA STATION 1,3600 MS-9,,Pontotoc,MS,38863,,888-758-4389,E,,Public,24 hours daily,,,,,,,1,,ChargePoint Network,http://www.chargepoint.com/,GPS,34.295949,-88.969411,2024-02-12,261845,2024-02-12 01:11:52 UTC,,,,2023-06-03,,,,,CHADEMO J1772COMBO,US,,,,Public,,public,,,,,,,,,,,,,,,,,,,,,,,,,,,,,false
ELEC,UCI SHOP 801F3,3983 N Gloster St,,Tupelo,MS,38804,,888-758-4389,E,,Public,24 hours daily,,,,,,,1,,ChargePoint Network,http://www.chargepoint.com/,GPS,34.313242,-88.707758,2024-02-12,262552,2024-02-12 01:10:55 UTC,,,,2023-06-11,,,,,CHADEMO J1772COMBO,US,,,,Public,,public,,,,,,,,,,,,,,,,,,,,,,,,,,,,,false
ELEC,HH NORTH SHOP CHARGER,450 Steed Rd,,Ridgeland,MS,39157,,888-758-4389,E,,Public,24 hours daily,,,,,,1,,,ChargePoint Network,http://www.chargepoint.com/,GPS,32.440792,-90.143148,2024-02-12,300086,2024-02-12 01:12:07 UTC,,,,2023-06-29,,,,,J1772,US,,,,Public,,public,,,,,,,,,,,,,,,,,,,,,,,,,,,,,false
ELEC,HH NORTH NORTH CHARGER 2,450 Steed Rd,,Ridgeland,MS,39157,,888-758-4389,E,,Public,24 hours daily,,,,,,,1,,ChargePoint Network,http://www.chargepoint.com/,GPS,32.440327,-90.143492,2024-02-12,302341,2024-02-12 01:12:02 UTC,,,,2023-07-12,,,,,CHADEMO J1772COMBO,US,,,,Public,,public,,,,,,,,,,,,,,,,,,,,,,,,,,,,,false
ELEC,HH NORTH NORTH CHARGER 1,450 Steed Rd,,Ridgeland,MS,39157,,888-758-4389,E,,Public,24 hours daily,,,,,,,1,,ChargePoint Network,http://www.chargepoint.com/,GPS,32.441033,-90.143515,2024-02-12,302342,2024-02-12 01:12:02 UTC,,,,2023-07-12,,,,,CHADEMO J1772COMBO,US,,,,Public,,public,,,,,,,,,,,,,,,,,,,,,,,,,,,,,false
ELEC,Oakes Auto Group,1009 HWY 82 E,,Greenville,MS,38701,,888-356-8911,E,,Public,24 hours daily,,,,,,,1,,FLO,https://flo.ca/,GPS,33.3991,-91.03922,2024-02-12,306396,2024-02-12 01:41:26 UTC,,,,2023-08-04,,,,,CHADEMO J1772COMBO,US,,,,Public,,public,,,,,,,,,,,,,,,,,,,,,,,,,,,,,false
ELEC,Dossett GMC Cadillac,1058 West Pine Street,,Hattiesburg,MS,39401,,866-816-7584,E,,Public,,,,,,,1,2,,EV Connect,http://evconnect.com/,GPS,31.317869,-89.301564,2024-02-12,307395,2024-02-12 01:32:10 UTC,,,,2023-08-17,,,,,J1772 J1772COMBO,US,,,,Public,,public,,,,,,,,,,,,,,,,,,,,,,,,,,,,,false
ELEC,JEFFERSON AVE. OXFORD STA1(L),1102 Jefferson Avenue,,Oxford,MS,38655,,888-758-4389,E,,Public,24 hours daily,,,,,,,1,,ChargePoint Network,http://www.chargepoint.com/,GPS,34.367865,-89.519543,2024-02-12,308678,2024-02-12 00:53:12 UTC,,,,2023-09-08,,,,,CHADEMO J1772COMBO,US,,,,Public,,public,,,,,,,,,,,,,,,,,,,,,,,,,,,,,false
ELEC,JEFFERSON AVE. OXFORD STA2(R),1102 Jefferson Avenue,,Oxford,MS,38655,,888-758-4389,E,,Public,24 hours daily,,,,,,,1,,ChargePoint Network,http://www.chargepoint.com/,GPS,34.367967,-89.519543,2024-02-12,308797,2024-02-12 01:15:35 UTC,,,,2023-09-09,,,,,CHADEMO J1772COMBO,US,,,,Public,,public,,,,,,,,,,,,,,,,,,,,,,,,,,,,,false
ELEC,Long-Lewis Ford of Corinth,1500 South Harper Road,,Corinth,MS,38834,,888-998-2546,E,,Public,24 hours daily,,,,,,1,,,Blink Network,http://www.blinkcharging.com/,GPS,34.918455663309906,-88.49854968516152,2024-02-11,308864,2024-02-11 23:58:28 UTC,,,,2023-01-30,,,,,J1772,US,,,,Public,,public,,,,,,,,,,,,,,,,,,,,,,,,,,,,,false
ELEC,RPM Pizza dba Domino\'s Store 5912,2712 25th Avenue,,Gulfport,MS,39501,,888-998-2546,E,,Public,24 hours daily,,,,,,1,,,Blink Network,http://www.blinkcharging.com/,GPS,30.3832098,-89.092707,2024-02-12,310190,2024-02-12 00:06:49 UTC,,,,2021-08-13,,,,,J1772,US,,,,Public,,public,,,,,,,,,,,,,,,,,,,,,,,,,,,,,false
ELEC,Walt Massey Chevrolet GMC of Lucedale,11241 OLD 63 SOUTH,,LUCEDALE,MS,39452,,866-816-7584,E,,Public,,,,,,,,1,,EV Connect,http://evconnect.com/,GPS,30.925187,-88.590024,2024-02-12,312599,2024-02-12 01:32:31 UTC,,,,2023-10-07,,,,,J1772COMBO,US,,,,Public,,public,,,,,,,,,,,,,,,,,,,,,,,,,,,,,false
ELEC,Walt Massey Chevrolet GMC of Columbia,1480 Hwy 98 E,,Columbia,MS,39429,,866-816-7584,E,,Public,,,,,,,,1,,EV Connect,http://evconnect.com/,GPS,31.252584,-89.784206,2024-02-12,315808,2024-02-12 01:32:56 UTC,,,,2023-10-25,,,,,J1772COMBO,US,,,,Public,,public,,,,,,,,,,,,,,,,,,,,,,,,,,,,,false
ELEC,Hingham - Town Hall,210 Central St,,Hingham,MS,02043,,888-356-8911,E,,Public,24 hours daily,,,,,,2,,,FLO,https://flo.ca/,GPS,42.232063,-70.886209,2024-02-12,315879,2024-02-12 01:41:29 UTC,,,,2023-10-26,,,,,J1772,US,,,,Public,,public,,,,,,,,,,,,,,,,,,,,,,,,,,,,,false
ELEC,Walt Massey Chevrolet of Hattiesburg,1501 W Pine St.,,Hattiesburg,MS,39401,,866-816-7584,E,,Public,,,,,,,,1,,EV Connect,http://evconnect.com/,GPS,31.311828,-89.308238,2024-02-12,316459,2024-02-12 01:32:56 UTC,,,,2023-11-01,,,,,J1772COMBO,US,,,,Public,,public,,,,,,,,,,,,,,,,,,,,,,,,,,,,,false
ELEC,Domino's,11201 Old Goodman Rd,,Olive Branch,MS,38654,,901-412-0616,E,,Public,Contact site for information,A ANDROID_PAY APPLE_PAY CREDIT D M,,,,,4,,,AMPUP,https://ampup.io/,GPS,34.96,-89.79,2023-12-13,319349,2024-01-31 22:07:01 UTC,P,,,2023-09-06,,,,,J1772,US,,,,Public,,public,,,RESTAURANT,,,,,,,,,,,,,,,,,false,,,,,,,,LD,false
ELEC,GM - CADILLAC OF JACKSON,700 Adcock St.,,Ridgeland,MS,39157,,866-816-7584,E,,Public,,,,,,,,1,,EV Connect,http://evconnect.com/,GPS,32.405483,-90.143937,2024-02-12,322262,2024-02-12 01:32:04 UTC,,,,2023-12-07,,,,,J1772COMBO,US,,,,Public,,public,,,,,,,,,,,,,,,,,,,,,,,,,,,,,false
ELEC,MB OF JACKSON SVC 1,455 Steed Rd,,Ridgeland,MS,39157,,888-758-4389,E,,Public,24 hours daily,,,,,,,1,,ChargePoint Network,http://www.chargepoint.com/,GPS,32.43881,-90.141829,2024-02-12,323927,2024-02-12 01:17:59 UTC,,,,2024-01-05,,,,,CHADEMO J1772COMBO,US,,,,Public,,public,,,,,,,,,,,,,,,,,,,,,,,,,,,,,false
ELEC,MB OF JACKSON SVC 2,455 Steed Rd,,Ridgeland,MS,39157,,888-758-4389,E,,Public,24 hours daily,,,,,,,1,,ChargePoint Network,http://www.chargepoint.com/,GPS,32.438812,-90.141892,2024-02-12,323928,2024-02-12 01:17:59 UTC,,,,2024-01-05,,,,,CHADEMO J1772COMBO,US,,,,Public,,public,,,,,,,,,,,,,,,,,,,,,,,,,,,,,false
ELEC,KIRK TOYOTA CPE250 1,237 State Hwy 7 Frontage Rd,,Grenada,MS,38901,,888-758-4389,E,,Public,24 hours daily,,,,,,,1,,ChargePoint Network,http://www.chargepoint.com/,GPS,33.784932,-89.844533,2024-02-12,325036,2024-02-12 01:13:04 UTC,,,,2024-01-11,,,,,CHADEMO J1772COMBO,US,,,,Public,,public,,,,,,,,,,,,,,,,,,,,,,,,,,,,,false
ELEC,KIA OF MERIDIAN STATION1,1217 MS-39,,Meridian,MS,39301,,888-758-4389,E,,Public,24 hours daily,,,,,,1,,,ChargePoint Network,http://www.chargepoint.com/,GPS,32.36934,-88.67938,2024-02-12,326951,2024-02-12 00:58:01 UTC,,,,2024-01-30,,,,,J1772,US,,,,Public,,public,,,,,,,,,,,,,,,,,,,,,,,,,,,,,false
